{"accuracy": 0.8108974358974359, "sensitivity": 96.92307692307692, "specificity": 54.700854700854705}