{"accuracy": 0.8589743589743589, "sensitivity": 98.97435897435898, "specificity": 64.1025641025641}