{
    "Accuracy": 88.46153846153845,
    "Sensitivity": 98.2051282051282,
    "Specificity": 72.22222222222221
}