{
    "Accuracy": 85.8974358974359,
    "Sensitivity": 98.97435897435898,
    "Specificity": 64.1025641025641
}