{
    "Accuracy": 82.00557103064067,
    "Sensitivity": 88.75404530744336,
    "Specificity": 97.71197846567968
}