{
    "Accuracy": 77.98050139275766,
    "Sensitivity": 87.99654576856649,
    "Specificity": 96.44636333444039
}