{
    "Accuracy": 13.064066852367686,
    "Sensitivity": 16.38157894736842,
    "Specificity": 82.6148409893993
}